"Dim1","rr","Val"
"isr","CHN",-5.96997159273442E-7
"isr","JPN",0.0145939242970297
"isr","KOR",0.00235154345768507
"isr","TWN",0.0526509731058382
"isr","IND",0.00743447977996092
"isr","CAN",0.0706653923155758
"isr","USA",0.0664354319822954
"isr","MEX",0.0107954959516635
"isr","BRA",0.0121379237551639
"isr","RUS",1.51303415850679E-5
"isr","LAM",0.0288331350746373
"isr","EUR",0.0223824667387922
"isr","ROE",0.00549125790801121
"isr","ASI",0.000636011127952194
"isr","REA",0.0246648863949767
"isr","ANZ",0.00666184486099222
"isr","MES",0.00149321850696391
"isr","AFR",0.0151890781653884
"obs","CHN",-1.80193882863206E-6
"obs","JPN",0.00472466242901937
"obs","KOR",0.00383002662134457
"obs","TWN",0.0246105428423391
"obs","IND",-0.00474398587799785
"obs","CAN",0.0537918486302019
"obs","USA",0.0129912378693002
"obs","MEX",0.0087420336826356
"obs","BRA",0.00387158610482563
"obs","RUS",9.78366758619398E-6
"obs","LAM",0.00115760494833947
"obs","EUR",0.0160019979134106
"obs","ROE",0.0196770539305469
"obs","ASI",0.0085740708163585
"obs","REA",-0.00498757059915165
"obs","ANZ",0.0180886079253216
"obs","MES",0.0016281741303128
"obs","AFR",0.024140110769485
"ros","JPN",0.0561777732921532
"ros","KOR",0.019831530075578
"ros","TWN",0.0140411886206497
"ros","IND",0.0103925133817729
"ros","CAN",0.0133178226278309
"ros","USA",0.0140242254049449
"ros","MEX",0.00367626727850356
"ros","BRA",0.00824407810931194
"ros","RUS",0.000109707267009984
"ros","LAM",0.0228116484695966
"ros","EUR",0.00787256865219969
"ros","ROE",0.0228226871544697
"ros","ASI",0.0138521804291169
"ros","REA",0.0432136886395267
"ros","ANZ",0.00789850048030449
"ros","MES",0.00386027220300395
"ros","AFR",0.0041885525524695
"ros","IDZ",4.23346608613429E-6
"osg","JPN",0.00485006369436414
"osg","KOR",0.00113793697786813
"osg","TWN",0.00978299856103226
"osg","IND",0.00386246885861652
"osg","CAN",0.0112189826477251
"osg","USA",0.00277684672955614
"osg","MEX",0.00352518802200563
"osg","BRA",0.00201390506111576
"osg","RUS",0.000165002805513681
"osg","LAM",-0.00453943101887581
"osg","EUR",0.000235072293110056
"osg","ROE",0.0112307378556902
"osg","ASI",0.00116817784036193
"osg","REA",0.019981328520249
"osg","ANZ",0.0143749843200275
"osg","MES",0.000850067941489405
"osg","AFR",0.0113712315738162
"dwe","CHN",1.04446805474828E-5
"dwe","JPN",0.0488147127140382
"dwe","KOR",0.0532817376766462
"dwe","TWN",0.0342227643640194
"dwe","IND",0.0010678011421601
"dwe","CAN",0.162315916849623
"dwe","USA",0.168732438423284
"dwe","MEX",0.00874120053775274
"dwe","BRA",0.000851672340823617
"dwe","RUS",2.64037505983694E-5
"dwe","LAM",0.0148075217085544
"dwe","EUR",0.0157146059015536
"dwe","ROE",0.0116183022463649
"dwe","ASI",0.00833555363275138
"dwe","REA",0.00833462580076601
"dwe","ANZ",0.069351340005626
"dwe","MES",0.000435461750456757
"dwe","AFR",0.00642305994034015
"pdr","CHN",-1.31844755977273E-5
"pdr","JPN",-1.51013207880801E-5
"pdr","KOR",-1.96679425432666E-5
"pdr","TWN",0.00103416329229022
"pdr","IND",-0.0523840432763238
"pdr","USA",-0.00343941693775518
"pdr","MEX",-0.019374944725788
"pdr","BRA",-0.00780668097815473
"pdr","RUS",-0.000116949545885703
"pdr","LAM",0.00178317137948798
"pdr","EUR",-0.000100616878334354
"pdr","ROE",0.00197701583717691
"pdr","ASI",-0.0167908115396967
"pdr","REA",0.000869017547774587
"pdr","ANZ",-1.02453774585296E-5
"pdr","MES",0.000120283022682452
"pdr","AFR",-0.000401982181460109
"pdr","IDZ",-8.49172424841615E-5
"wht","CHN",-3.22638419723613E-5
"wht","JPN",-0.275754916804266
"wht","IND",-0.29672582361184
"wht","CAN",-3.04618575852622E-6
"wht","USA",-0.000152380614495851
"wht","MEX",-0.00225686137472803
"wht","BRA",-0.0146767780616301
"wht","RUS",-0.000162469783215435
"wht","LAM",0.00870790476923518
"wht","EUR",0.000500617337029449
"wht","ROE",-0.0104901325092784
"wht","REA",-0.000791774369367122
"wht","ANZ",-3.81172031086749E-6
"wht","MES",0.00153594216174906
"wht","AFR",0.0143675435972922
"gro","CHN",-2.31905423442313E-5
"gro","TWN",0.00345622325614348
"gro","IND",-0.0240274648151495
"gro","CAN",-4.37551175758166E-6
"gro","USA",-0.000349608772264309
"gro","MEX",-0.000622897137095402
"gro","BRA",-0.00567969355755982
"gro","RUS",-4.72972911678138E-5
"gro","LAM",0.00960685930479348
"gro","EUR",-4.22235823398255E-5
"gro","ROE",-0.00332953015370919
"gro","ASI",1.6398976564889E-6
"gro","REA",0.000989132356417742
"gro","ANZ",-2.29203812623838E-6
"gro","MES",0.000729572994234767
"gro","AFR",-0.000690931659473086
"gro","IDZ",-6.99792568541469E-5
"v_f","CHN",-3.78509377355993E-6
"v_f","JPN",-0.000543888677953186
"v_f","KOR",-4.31859499889775E-5
"v_f","TWN",0.00312360043254634
"v_f","IND",-0.00309009875052535
"v_f","CAN",-1.25552494312231E-6
"v_f","USA",-1.99025400364761E-5
"v_f","MEX",-0.00385788888011218
"v_f","BRA",-3.84379190365713E-6
"v_f","RUS",-5.83466077748174E-5
"v_f","LAM",0.00614808552071623
"v_f","EUR",0.000537507115273358
"v_f","ROE",0.00451606143932211
"v_f","ASI",4.12255116997137E-6
"v_f","REA",0.00389486517641351
"v_f","ANZ",-9.41592587314659E-7
"v_f","MES",0.00225516508266098
"v_f","AFR",0.00438209840466838
"v_f","IDZ",-6.60884887926372E-5
"osd","CHN",-1.59007403017775E-5
"osd","JPN",-0.421857589385463
"osd","KOR",-0.000129425120042548
"osd","IND",-0.0151309651120326
"osd","CAN",-1.06498867880056E-6
"osd","USA",-0.000228020915379101
"osd","MEX",-0.00244080007160274
"osd","BRA",-0.00216694776553528
"osd","RUS",-4.64893287450696E-5
"osd","LAM",0.0385061575898933
"osd","EUR",0.000486847997152375
"osd","ROE",-0.00488977918525427
"osd","ASI",6.15643382118215E-5
"osd","REA",0.000250523256331756
"osd","ANZ",-3.98582245902154E-6
"osd","MES",0.000993744699748642
"osd","AFR",-0.00153725368592261
"osd","IDZ",-8.01195163457891E-5
"c_b","CHN",-2.59265658744123E-5
"c_b","JPN",-0.315913785687176
"c_b","TWN",0.00514189705450141
"c_b","IND",-0.106049757567213
"c_b","CAN",-6.2506844414445E-5
"c_b","USA",-0.000960277577036539
"c_b","MEX",-0.000100030442878873
"c_b","BRA",-0.00337194290564713
"c_b","RUS",-0.000144305436113212
"c_b","LAM",0.00495735938246823
"c_b","EUR",0.00049253581028397
"c_b","ROE",0.00277343445967498
"c_b","ASI",1.46543804827377E-5
"c_b","REA",0.00150863251936043
"c_b","ANZ",-5.67283395178446E-6
"c_b","MES",1.7526620127532E-5
"c_b","AFR",0.000177264882161452
"c_b","IDZ",-8.78278783480457E-5
"pfb","CHN",-4.4683111959376E-5
"pfb","TWN",0.00276664964178996
"pfb","IND",-0.125685035245547
"pfb","CAN",-2.68977819057881E-5
"pfb","USA",-0.00224408798645981
"pfb","MEX",-0.000223326765356857
"pfb","BRA",-0.00557036097837948
"pfb","RUS",-0.00082894932893951
"pfb","LAM",-0.004942147935063
"pfb","EUR",0.00334455596415606
"pfb","ROE",-0.0244184856719359
"pfb","ASI",4.02025234372132E-5
"pfb","REA",0.0419052053509937
"pfb","ANZ",-1.73458881912793E-6
"pfb","MES",0.000872949437986995
"pfb","AFR",0.0015246176832486
"pfb","IDZ",-0.00114263520870717
"ocr","CHN",-4.28519738709483E-5
"ocr","JPN",-7.48201355982303E-6
"ocr","KOR",-4.27314024196157E-5
"ocr","TWN",0.00150369362090341
"ocr","IND",-0.0978954207898257
"ocr","CAN",-1.02352484616652E-5
"ocr","USA",-1.30320554851959E-5
"ocr","MEX",-6.56381134902517E-5
"ocr","BRA",-0.00134689634214213
"ocr","RUS",-0.000538827634661176
"ocr","LAM",0.0103560270264674
"ocr","EUR",6.0577064241733E-5
"ocr","ROE",0.00927927604368932
"ocr","ASI",0.000745922696134281
"ocr","REA",0.000998126630746819
"ocr","ANZ",-5.80623173968632E-6
"ocr","MES",0.00198546154352057
"ocr","AFR",-0.00204178307160625
"ocr","IDZ",-5.36067581393684E-5
"ctl","CHN",-1.99961981514888E-5
"ctl","JPN",-0.110292011772161
"ctl","KOR",-3.45190628798786E-5
"ctl","TWN",0.00714881743841311
"ctl","IND",0.0268658964624169
"ctl","CAN",-3.27427752271348E-5
"ctl","USA",-5.07730172865095E-5
"ctl","MEX",-0.000107624177220211
"ctl","BRA",-0.000798956094947956
"ctl","RUS",-0.000666819869443724
"ctl","LAM",0.0347917365680861
"ctl","EUR",-0.00166358255741649
"ctl","ROE",0.00699643820792264
"ctl","ASI",-0.000158588160001632
"ctl","REA",0.00403433294565031
"ctl","ANZ",-4.81585749475772E-7
"ctl","MES",0.00187926602218656
"ctl","AFR",0.00997343365356442
"ctl","IDZ",-5.03227409609508E-6
"oap","CHN",-4.72215197976396E-5
"oap","JPN",-0.00852450775663982
"oap","KOR",-3.50760429039809E-5
"oap","TWN",0.00518405566974689
"oap","IND",0.0268188423786212
"oap","CAN",-3.57765976373159E-5
"oap","USA",-4.80230691595196E-5
"oap","MEX",-6.51692075539501E-5
"oap","BRA",-0.000181262692166451
"oap","RUS",-0.00449476826121575
"oap","LAM",0.00205112640177242
"oap","EUR",0.00106624096586887
"oap","ROE",0.00598375655900629
"oap","ASI",8.17845672035376E-5
"oap","REA",0.00182107626637673
"oap","ANZ",-2.67375973175127E-6
"oap","MES",0.00128036686104242
"oap","AFR",0.0171258370801744
"oap","IDZ",-5.21089137506259E-6
"rmk","CHN",-4.22020633186193E-5
"rmk","JPN",-0.029341355580679
"rmk","KOR",-2.4532238989794E-5
"rmk","TWN",0.00707342154664958
"rmk","IND",0.00885696170150696
"rmk","CAN",-1.41814643994653E-5
"rmk","USA",-6.78120550643424E-5
"rmk","MEX",-8.50489040489233E-5
"rmk","BRA",-0.00572253886527507
"rmk","RUS",-0.00481571905520428
"rmk","LAM",0.0136875674828112
"rmk","EUR",-0.0035323801774479
"rmk","ROE",0.0037241006445636
"rmk","ASI",0.0013092583230878
"rmk","REA",0.00025897312149233
"rmk","ANZ",-1.30417456685188E-6
"rmk","MES",0.00105172390773346
"rmk","AFR",0.00833720387178512
"rmk","IDZ",-3.41882095693524E-5
"wol","CHN",-2.20516821853867E-5
"wol","JPN",-9.98493298516312E-5
"wol","KOR",-4.57114101948264E-5
"wol","IND",0.0269009319011311
"wol","CAN",-0.000235378057176883
"wol","BRA",-8.69231216116262E-6
"wol","RUS",-2.16422690051399E-5
"wol","LAM",0.0314470619706803
"wol","EUR",-0.0224565836507648
"wol","ROE",0.00835465050739022
"wol","ASI",6.22443152862026E-6
"wol","REA",0.00158619026532416
"wol","ANZ",-2.48744405924809E-6
"wol","MES",0.00340244132566397
"wol","AFR",0.00298238270129004
"wol","IDZ",-1.50247522230362E-5
"frs","JPN",-0.0281658092304706
"frs","KOR",0.183714624625889
"frs","TWN",0.00269437727831889
"frs","IND",0.000325423040524742
"frs","CAN",0.0146451751175897
"frs","USA",0.0522288613639461
"frs","BRA",-0.000458537368177137
"frs","RUS",3.48719042442269E-6
"frs","LAM",0.015629772282449
"frs","EUR",-0.000403671518197074
"frs","ROE",0.0160115558886095
"frs","ASI",0.000150353334782022
"frs","REA",0.0229392788212487
"frs","ANZ",0.00955921767688403
"frs","MES",0.00158455356429894
"frs","AFR",0.0027980362821301
"fsh","CHN",-1.40741675371804E-9
"fsh","JPN",0.013685971440656
"fsh","KOR",0.00544479702318734
"fsh","TWN",0.00824198567257528
"fsh","IND",-0.00187910345095577
"fsh","CAN",0.0142119697526577
"fsh","USA",0.0194336490117376
"fsh","MEX",0.00780462421068528
"fsh","BRA",0.00588351597782122
"fsh","LAM",0.0079552072717562
"fsh","EUR",0.0359040445873062
"fsh","ROE",0.000256095729005247
"fsh","ASI",6.4768127687397E-5
"fsh","REA",0.0034941973315394
"fsh","ANZ",0.00841020162385038
"fsh","MES",0.000781373772544977
"fsh","AFR",0.0150577143523065
"coa","CHN",-6.08024648407479E-7
"coa","KOR",0.00136984839231835
"coa","IND",0.00742508170932643
"coa","CAN",0.0214694784902781
"coa","USA",0.0872011125700874
"coa","MEX",0.00711237667332854
"coa","BRA",0.00897392545223508
"coa","LAM",0.00547783031085144
"coa","EUR",-0.34262168443653
"coa","ROE",-0.0341255307422994
"coa","ASI",9.55154049544108E-6
"coa","REA",0.0232176825088316
"coa","ANZ",0.00546097775826769
"coa","MES",0.000356316534289015
"coa","AFR",0.00886047725294051
"coa","IDZ",-5.59516716291952E-7
"oil","IND",0.00680015203451323
"oil","CAN",0.00953673710327629
"oil","USA",0.0459117618468722
"oil","MEX",0.586507990747166
"oil","BRA",0.00466416701236505
"oil","LAM",0.0129562640982407
"oil","EUR",0.0269337349372767
"oil","ROE",0.0412192242241066
"oil","ASI",0.0264837937519213
"oil","REA",0.092713199193337
"oil","ANZ",0.0190044519517053
"oil","MES",0.00336124839100437
"oil","AFR",0.00855135814127136
"gas","CHN",1.21332004290224E-7
"gas","JPN",-0.0130651820846499
"gas","KOR",0.000684735827174987
"gas","TWN",0.00388933228038085
"gas","IND",0.0037442429924315
"gas","CAN",0.0184689269413785
"gas","USA",0.0389757256450857
"gas","MEX",0.484507622921572
"gas","BRA",0.00458889805663546
"gas","RUS",2.93390145405264E-7
"gas","LAM",0.0725850230590071
"gas","EUR",0.035802799123799
"gas","ROE",0.196729998957753
"gas","ASI",0.015956134567028
"gas","REA",0.0846903974413563
"gas","ANZ",-0.0188293013493995
"gas","MES",0.000263420464600208
"gas","AFR",0.0173186268506374
"gas","IDZ",-0.0253545639343872
"omn","JPN",0.0266033954191236
"omn","KOR",0.00452584317875648
"omn","TWN",0.00532287073283155
"omn","IND",0.00546707907407484
"omn","CAN",0.0118699984687446
"omn","USA",0.0442633017799241
"omn","MEX",0.00639147821135422
"omn","BRA",0.00797680781024535
"omn","RUS",3.68514299919909E-6
"omn","LAM",0.00881026812494068
"omn","EUR",0.0763196909088268
"omn","ROE",0.00880547320971457
"omn","ASI",0.000299696087373036
"omn","REA",0.0121226339170981
"omn","ANZ",0.00675577537774269
"omn","MES",0.00248441431922374
"omn","AFR",0.0225783371552559
"cmt","CHN",1.74968771894539E-6
"cmt","JPN",-0.0058948350725867
"cmt","KOR",0.00105275868603116
"cmt","TWN",0.0045557453972348
"cmt","IND",0.0382497697444789
"cmt","CAN",0.00576739320730402
"cmt","USA",0.00695006920704111
"cmt","MEX",0.00127798192502693
"cmt","BRA",0.00776177069051487
"cmt","RUS",4.8792869954184E-5
"cmt","LAM",0.01806525490681
"cmt","EUR",0.0493792115204367
"cmt","ROE",0.0102263865208135
"cmt","ASI",0.00100637319976789
"cmt","REA",0.00325196306251916
"cmt","ANZ",0.00543592565293139
"cmt","MES",0.014918830113437
"cmt","AFR",0.0121607025687321
"cmt","IDZ",-2.23547835953575E-6
"omt","CHN",5.6675449180254E-5
"omt","JPN",-0.00566039857074596
"omt","KOR",0.00113326998263297
"omt","TWN",0.00147590503817696
"omt","IND",0.0383474428291364
"omt","CAN",0.00476472061631816
"omt","USA",0.00829394050450261
"omt","MEX",0.00127691660781271
"omt","BRA",0.00738238052835183
"omt","RUS",0.000333222555324308
"omt","LAM",0.00688176708602542
"omt","EUR",0.0246097547947066
"omt","ROE",0.0104360658154697
"omt","ASI",0.000249355153901525
"omt","REA",0.00154195434741832
"omt","ANZ",0.00574222416924784
"omt","MES",0.012291757987114
"omt","AFR",0.0132181265761288
"omt","IDZ",1.19692889555267E-6
"vol","CHN",8.08409494107432E-5
"vol","JPN",0.00683181137505451
"vol","KOR",-0.0060444464588234
"vol","TWN",0.00462222900672604
"vol","IND",0.0179181251008875
"vol","CAN",0.00304721123733176
"vol","USA",0.00630899317450406
"vol","MEX",0.00127816246896373
"vol","BRA",0.00744180660468974
"vol","RUS",5.19143528610044E-7
"vol","LAM",0.00285602061097604
"vol","EUR",0.0814708499875968
"vol","ROE",0.00433690095009261
"vol","ASI",9.87152467294121E-5
"vol","REA",-6.24624185299763E-5
"vol","ANZ",0.00364067187777708
"vol","MES",0.00248115842452628
"vol","AFR",0.00538824966451369
"mil","CHN",-5.80629478243943E-7
"mil","JPN",-0.00987394960965471
"mil","KOR",-0.000338878382360575
"mil","TWN",0.024527980252945
"mil","IND",0.0382504861574584
"mil","CAN",0.00333242059223893
"mil","USA",0.00646573936114581
"mil","MEX",0.00127781565389273
"mil","BRA",0.00723122891533601
"mil","LAM",0.00703961161089938
"mil","EUR",0.0155657310251862
"mil","ROE",0.0171662254514561
"mil","ASI",0.000298186098994145
"mil","REA",0.00305365061228057
"mil","ANZ",0.0060085466113134
"mil","MES",0.00975060937250699
"mil","AFR",0.00781367849406626
"pcr","CHN",6.2967103053313E-5
"pcr","JPN",-0.00737242714290676
"pcr","KOR",0.00142460853596438
"pcr","TWN",0.00526736072765177
"pcr","IND",-0.0523861019910408
"pcr","CAN",0.00500445038039421
"pcr","USA",0.00662575598192805
"pcr","MEX",0.00127710252427715
"pcr","BRA",0.00718467653890076
"pcr","RUS",0.00012772593085264
"pcr","LAM",0.00963975925242163
"pcr","EUR",0.0972029525572467
"pcr","ROE",0.0092042563770053
"pcr","ASI",0.000119280834012313
"pcr","REA",0.00175075785683774
"pcr","ANZ",0.00539927774149702
"pcr","MES",0.00107719014010307
"pcr","AFR",0.00181193058755526
"pcr","IDZ",6.34150579714721E-7
"sgr","CHN",2.58420969623252E-6
"sgr","JPN",-0.0553457397797756
"sgr","KOR",0.00101339621647223
"sgr","TWN",0.0370752672636421
"sgr","IND",0.0626007041412734
"sgr","CAN",0.0136843290070144
"sgr","USA",0.00618948851689238
"sgr","MEX",0.00127748051965226
"sgr","BRA",0.0114269460104774
"sgr","RUS",3.62191688207947E-6
"sgr","LAM",-0.00049746831198891
"sgr","EUR",0.146583784015925
"sgr","ROE",0.00419694154154797
"sgr","ASI",3.21237072648949E-5
"sgr","REA",0.00463855746727627
"sgr","ANZ",0.00639463907280046
"sgr","MES",0.00085111518256279
"sgr","AFR",0.00489973045880499
"ofd","JPN",-0.0013432331350518
"ofd","KOR",0.000564298558215048
"ofd","TWN",0.0260140870082655
"ofd","IND",0.0384104113185143
"ofd","CAN",0.00497436202531265
"ofd","USA",0.0090854831465681
"ofd","MEX",0.0012786305171858
"ofd","BRA",0.00645615795710797
"ofd","RUS",0.000257346048570528
"ofd","LAM",0.00809150818380018
"ofd","EUR",0.0336771386055237
"ofd","ROE",0.00655766735048658
"ofd","ASI",0.000469737191210196
"ofd","REA",0.00445727862846864
"ofd","ANZ",0.00666406968278109
"ofd","MES",0.00631430818997152
"ofd","AFR",0.00220002286717461
"b_t","JPN",0.293266729661022
"b_t","KOR",0.000403844175562829
"b_t","TWN",0.270346006292026
"b_t","IND",0.0122558295083554
"b_t","CAN",0.00787625145323378
"b_t","USA",0.00881659093362397
"b_t","MEX",0.00510264894466872
"b_t","BRA",0.00887844748499
"b_t","RUS",5.00823871044664E-5
"b_t","LAM",0.0621805337343767
"b_t","EUR",0.119608283632582
"b_t","ROE",0.00959765640520281
"b_t","ASI",0.000133011222620806
"b_t","REA",0.0375996604480975
"b_t","ANZ",0.00581116831646492
"b_t","MES",0.0157942978516955
"b_t","AFR",0.0120009142886488
"b_t","IDZ",1.14373898072451E-5
"tex","CHN",-7.14200169294447E-8
"tex","JPN",0.0315723049383934
"tex","KOR",-0.000500087885538791
"tex","TWN",0.00273921329527027
"tex","IND",0.0319124882106616
"tex","CAN",0.0094612096138994
"tex","USA",0.00984537963117438
"tex","MEX",0.00574291679749073
"tex","BRA",0.0060326617090305
"tex","RUS",0.000214952443656324
"tex","LAM",0.007950272390119
"tex","EUR",0.051924889691681
"tex","ROE",0.00626132178707869
"tex","ASI",0.000159437625517097
"tex","REA",-0.0317075294038113
"tex","ANZ",0.007012699859294
"tex","MES",0.0029464489478681
"tex","AFR",0.00694291333245335
"wap","JPN",0.0157903292671039
"wap","KOR",0.000334293726434121
"wap","TWN",0.00506014505049179
"wap","IND",0.00985480021219909
"wap","CAN",0.00833033192402111
"wap","USA",0.0049915604776849
"wap","MEX",0.0038831247085358
"wap","BRA",0.00819618408256118
"wap","RUS",2.09261103922831E-6
"wap","LAM",0.0134426141993599
"wap","EUR",0.101577119913236
"wap","ROE",0.00328407086522791
"wap","ASI",0.000446681644579893
"wap","REA",0.00757567024462673
"wap","ANZ",0.00788799016843868
"wap","MES",0.00647700841835635
"wap","AFR",0.00733051771919879
"lea","CHN",2.52923312606633E-5
"lea","JPN",0.00555606570492062
"lea","KOR",0.000242362124215245
"lea","TWN",0.00323734207828419
"lea","IND",0.0245624447154066
"lea","CAN",0.010552626914428
"lea","USA",0.00633248487767579
"lea","MEX",0.00269969373581025
"lea","BRA",0.0105850701313971
"lea","RUS",1.18434538476375E-6
"lea","LAM",0.010507920527699
"lea","EUR",0.0767524273629836
"lea","ROE",0.00335998700071186
"lea","ASI",0.00025951576841447
"lea","REA",0.00236801015208502
"lea","ANZ",-0.00679283239522632
"lea","MES",0.00948729583166771
"lea","AFR",0.0116596506465011
"lum","JPN",0.00991468102688642
"lum","KOR",0.000318570145353192
"lum","TWN",0.00817647733273974
"lum","IND",0.00172380574278996
"lum","CAN",0.00660752386865993
"lum","USA",0.00591527502653644
"lum","MEX",0.00119312282256068
"lum","BRA",0.00835835802818974
"lum","RUS",2.20336741862948E-6
"lum","LAM",0.0184745078210971
"lum","EUR",0.0196275848077436
"lum","ROE",0.00358114524808563
"lum","ASI",0.000323246667379096
"lum","REA",0.00375124801621113
"lum","ANZ",0.0079604661108288
"lum","MES",0.000618164875400158
"lum","AFR",0.0232512667376522
"lum","IDZ",5.08167982582464E-7
"ppp","JPN",0.0152082211141891
"ppp","KOR",-0.00692908062866415
"ppp","TWN",0.0138383428571884
"ppp","IND",0.0153422438081485
"ppp","CAN",0.0117803272037552
"ppp","USA",0.00770479897276077
"ppp","MEX",0.00446727422405069
"ppp","BRA",0.00926992912943214
"ppp","RUS",5.73215444110708E-7
"ppp","LAM",0.0362061974699878
"ppp","EUR",0.0196330795312194
"ppp","ROE",0.00660364728679528
"ppp","ASI",0.00107279755985961
"ppp","REA",0.00970736811674333
"ppp","ANZ",0.00879242412480312
"ppp","MES",0.00195913482684448
"ppp","AFR",0.00811411756945924
"p_c","JPN",0.249457150103456
"p_c","KOR",0.000844597997231467
"p_c","TWN",0.00182202228495176
"p_c","IND",0.00327707352473872
"p_c","CAN",0.00197310012786456
"p_c","USA",0.025884796420376
"p_c","MEX",0.000197870022098034
"p_c","BRA",0.00442501786122751
"p_c","LAM",-0.0100134381623232
"p_c","EUR",0.22253117792836
"p_c","ROE",0.0300740445035438
"p_c","ASI",-0.0247710041233666
"p_c","REA",-0.00419918403597576
"p_c","ANZ",0.00352899500796956
"p_c","MES",0.000400543668360151
"p_c","AFR",0.0487963042356842
"crp","CHN",5.26101375932048E-5
"crp","JPN",0.0158975527503236
"crp","KOR",-0.00238921633463463
"crp","TWN",0.00423475580348565
"crp","IND",0.0215216951668867
"crp","CAN",0.00684220279651682
"crp","USA",0.00650253266170098
"crp","MEX",0.00516019942088197
"crp","BRA",0.00852286344684117
"crp","LAM",0.0171750074206843
"crp","EUR",0.0365498877199972
"crp","ROE",0.00755739791167051
"crp","ASI",0.000495466923340889
"crp","REA",0.0109150925738281
"crp","ANZ",0.00786775266015897
"crp","MES",0.00093311216725183
"crp","AFR",0.00587779651224802
"crp","IDZ",-0.00212079134621335
"nmm","CHN",4.34228308432298E-6
"nmm","JPN",0.0252481578135243
"nmm","KOR",-0.00165434327319813
"nmm","TWN",0.0065981251535655
"nmm","IND",0.0168835025334633
"nmm","CAN",0.0110369349821295
"nmm","USA",0.00964789777049835
"nmm","MEX",0.00219766801175247
"nmm","BRA",0.0102046087847451
"nmm","RUS",1.27816888462196E-6
"nmm","LAM",0.0134980502202953
"nmm","EUR",0.0223201431572679
"nmm","ROE",0.011471573510503
"nmm","ASI",0.000548917041975775
"nmm","REA",0.0128484907763914
"nmm","ANZ",0.0119558631676704
"nmm","MES",0.000886271817636891
"nmm","AFR",0.00652668884433363
"i_s","CHN",2.85536863266734E-6
"i_s","JPN",0.0193738430089614
"i_s","KOR",-0.00231395938970724
"i_s","TWN",0.00177593641861795
"i_s","IND",0.0156538307161719
"i_s","CAN",0.00910094885304491
"i_s","USA",0.0115728195552167
"i_s","MEX",0.00180606772929248
"i_s","BRA",0.00760255580191327
"i_s","LAM",-0.0319015644857788
"i_s","EUR",0.0171803947907943
"i_s","ROE",0.00496567364785164
"i_s","ASI",0.000328619405661786
"i_s","REA",0.0165297375724307
"i_s","ANZ",0.00504425556131687
"i_s","MES",0.000240605479738188
"i_s","AFR",0.00311219466190195
"nfm","JPN",0.0249431319018479
"nfm","KOR",-0.00324814205362345
"nfm","TWN",0.0026103895284314
"nfm","IND",0.0155005034537385
"nfm","CAN",0.00852344591476251
"nfm","USA",0.0109219260362057
"nfm","MEX",0.00180619841724583
"nfm","BRA",0.00781660568355758
"nfm","RUS",1.447024276513E-6
"nfm","LAM",-0.00885279816620316
"nfm","EUR",0.0130577378209199
"nfm","ROE",0.00963273857019875
"nfm","ASI",0.000412609868500103
"nfm","REA",0.0846453560740814
"nfm","ANZ",0.00272936387305313
"nfm","MES",0.000941406816968562
"nfm","AFR",0.00708842224592534
"nfm","IDZ",5.21727947511152E-7
"fmp","CHN",1.49771466526083E-8
"fmp","JPN",0.0144797113647311
"fmp","KOR",-0.0108074538580678
"fmp","TWN",0.00381545125334604
"fmp","IND",0.0138370480666761
"fmp","CAN",0.00938238909115796
"fmp","USA",0.00767807172163748
"fmp","MEX",0.00512287275343704
"fmp","BRA",0.00852160232806853
"fmp","RUS",6.44322745380066E-7
"fmp","LAM",0.0200217961093084
"fmp","EUR",0.0189955854175533
"fmp","ROE",0.00355395727067821
"fmp","ASI",0.00133167754888568
"fmp","REA",6.79297165838383E-5
"fmp","ANZ",0.00910799059365778
"fmp","MES",0.00048478903755434
"fmp","AFR",0.00626615225084814
"mvh","CHN",3.67042421565619E-6
"mvh","JPN",0.0184181442380583
"mvh","KOR",-2.55030922713395E-6
"mvh","TWN",0.00454977940560097
"mvh","IND",0.0160875271709301
"mvh","CAN",0.00312652961193571
"mvh","USA",0.00529741529898597
"mvh","MEX",0.00174156204437792
"mvh","BRA",0.00820955457126893
"mvh","RUS",3.47994250593509E-6
"mvh","LAM",0.0252242694558332
"mvh","EUR",0.0455238041742353
"mvh","ROE",0.00347257407184066
"mvh","ASI",0.000129990332862671
"mvh","REA",0.00343325679214542
"mvh","ANZ",0.00263099298961078
"mvh","MES",0.00042407026241267
"mvh","AFR",0.00117532232863462
"mvh","IDZ",6.74826777691262E-6
"otn","JPN",0.022590648184354
"otn","KOR",-0.000844789393121603
"otn","TWN",0.00505278266704545
"otn","IND",0.0260369937115632
"otn","CAN",0.00492567966849333
"otn","USA",0.00700194895677886
"otn","MEX",0.00174039128245551
"otn","BRA",0.00704740563917605
"otn","RUS",6.36957103505864E-7
"otn","LAM",0.0347596367817214
"otn","EUR",0.0157041434902483
"otn","ROE",0.0184539491398346
"otn","ASI",0.00384842661084621
"otn","REA",-0.0061673904550766
"otn","ANZ",0.0142596961042867
"otn","MES",0.00120953916401988
"otn","AFR",0.00695525518626269
"otn","IDZ",1.29662258582242E-5
"ele","CHN",5.17986263435881E-6
"ele","JPN",0.0166070235467137
"ele","KOR",-0.000190573804784044
"ele","TWN",0.00154596529604323
"ele","IND",0.0192588991576044
"ele","CAN",0.00644404033701107
"ele","USA",0.00725272704394275
"ele","MEX",0.00451654992768302
"ele","BRA",0.0080160189540025
"ele","RUS",6.28370496524866E-7
"ele","LAM",0.0125553889560424
"ele","EUR",0.0606307069512291
"ele","ROE",0.00357825793287177
"ele","ASI",0.000432370138751236
"ele","REA",0.00273490210758085
"ele","ANZ",0.00444815270744735
"ele","MES",0.00252460819907027
"ele","AFR",0.0079088924697773
"ome","CHN",3.34768970536628E-6
"ome","JPN",0.0161139998963452
"ome","KOR",-0.00151773088138118
"ome","TWN",0.00522312755496679
"ome","IND",0.0153251237033986
"ome","CAN",0.00757210528289953
"ome","USA",0.0070136751942107
"ome","MEX",0.00530299424158887
"ome","BRA",0.00943697595738446
"ome","RUS",2.75397754090356E-5
"ome","LAM",0.00946613065057944
"ome","EUR",0.0276007649715535
"ome","ROE",0.00547395362387277
"ome","ASI",0.00117390979964755
"ome","REA",-0.00243637393553986
"ome","ANZ",0.0121693345829076
"ome","MES",0.00336617732326465
"ome","AFR",0.00162133576786364
"ome","IDZ",5.67740255252858E-7
"omf","CHN",2.89213095364023E-5
"omf","JPN",0.0197634447490803
"omf","KOR",0.000851273962118815
"omf","TWN",0.00449093849197646
"omf","IND",0.0172118522816247
"omf","CAN",0.0104598880291088
"omf","USA",0.00728118695624669
"omf","MEX",0.00498435805022457
"omf","BRA",0.00723754159817069
"omf","RUS",1.41615544235751E-6
"omf","LAM",0.0123368011310172
"omf","EUR",0.053068768147478
"omf","ROE",0.00499664086791876
"omf","ASI",0.000507889339649247
"omf","REA",0.00902911769066702
"omf","ANZ",0.00959682795114121
"omf","MES",0.00158685016016321
"omf","AFR",0.00215067399131279
"ely","CHN",2.55185625583411E-5
"ely","JPN",0.0496855685732855
"ely","KOR",0.00151364646086949
"ely","TWN",0.00893917343812856
"ely","IND",-0.0645912905149879
"ely","CAN",0.0359712584025362
"ely","USA",0.034102493044745
"ely","MEX",0.00201781107275123
"ely","BRA",0.00880175373221792
"ely","LAM",0.011933078874442
"ely","EUR",0.0504435135442125
"ely","ROE",0.00224129825624929
"ely","ASI",0.00322578707070151
"ely","REA",0.00485019311626197
"ely","ANZ",0.0166338240942588
"ely","MES",0.0140503033749864
"ely","AFR",0.00912007193610639
"ely","IDZ",-0.0732570261138081
"wtr","JPN",-0.0375813708380082
"wtr","KOR",0.000622016325304786
"wtr","TWN",0.004769622414729
"wtr","IND",0.00656857987614767
"wtr","CAN",0.0130931210085676
"wtr","USA",0.0313437169471106
"wtr","MEX",0.00330106889528525
"wtr","BRA",0.00465610350272327
"wtr","RUS",3.96889464859829E-6
"wtr","LAM",0.00746629227122454
"wtr","EUR",0.0106026428478123
"wtr","ROE",-0.0214153207452968
"wtr","ASI",0.00424244468760959
"wtr","REA",0.00606064004838025
"wtr","ANZ",0.00263275767671324
"wtr","MES",0.000938562758129238
"wtr","AFR",0.00805497962462874
"cns","CHN",7.47436813150834E-7
"cns","JPN",0.00710007356352882
"cns","KOR",0.00220411236448947
"cns","TWN",0.00693000259931553
"cns","IND",0.00909613030256895
"cns","CAN",0.0210117513043699
"cns","USA",0.00605465428283847
"cns","MEX",0.00179586632310069
"cns","BRA",0.00460928045242348
"cns","RUS",1.77668065647341E-5
"cns","LAM",0.0141704227087375
"cns","EUR",0.0196605992156411
"cns","ROE",0.00986754833747771
"cns","ASI",0.00330868191757582
"cns","REA",0.00674002790892453
"cns","ANZ",0.00780614270210688
"cns","MES",0.000974866153735126
"cns","AFR",0.0190679139929069
"cns","IDZ",1.20550794080465E-6
"trd","JPN",0.00409315292841117
"trd","KOR",0.0057604413905844
"trd","TWN",0.0211705736473725
"trd","IND",0.00554093930296595
"trd","CAN",0.0232520370024751
"trd","USA",0.0378775590314769
"trd","MEX",0.00752989392133352
"trd","BRA",0.0107650462969201
"trd","RUS",3.11252067416445E-5
"trd","LAM",0.0518832073056234
"trd","EUR",0.00798372654763554
"trd","ROE",0.00900159978963813
"trd","ASI",0.00120675548699219
"trd","REA",0.0249962773277173
"trd","ANZ",0.015712961426275
"trd","MES",0.00102481082947341
"trd","AFR",0.0127095381681634
"otp","JPN",0.0298304955476331
"otp","KOR",0.00319389258937375
"otp","TWN",0.0232024618128687
"otp","IND",-0.00158065445913991
"otp","CAN",0.0233152705487508
"otp","USA",-0.0515297204782055
"otp","MEX",-0.000196853903118299
"otp","BRA",0.0046029526328083
"otp","RUS",3.9545555997611E-6
"otp","LAM",0.014310058643192
"otp","EUR",0.00517124595713545
"otp","ROE",0.00843772084479073
"otp","ASI",0.00803483144133897
"otp","REA",0.00376075721650349
"otp","ANZ",0.0141750722167055
"otp","MES",0.00275942521678568
"otp","AFR",0.011310728432235
"otp","IDZ",-0.000457770628564225
"wtp","CHN",8.94143834082196E-6
"wtp","JPN",0.013961163592573
"wtp","KOR",0.00270584667330387
"wtp","TWN",0.00444456582842578
"wtp","IND",0.0202664110567164
"wtp","CAN",0.00828483853887463
"wtp","USA",0.0193889292010929
"wtp","MEX",0.00154530352416193
"wtp","BRA",0.00460295627090945
"wtp","RUS",2.30631204722886E-6
"wtp","LAM",0.0153698309067488
"wtp","EUR",0.00187034255242963
"wtp","ROE",0.00480925556984542
"wtp","ASI",0.00173565736453575
"wtp","REA",-0.000781319709966337
"wtp","ANZ",0.0060471069877268
"wtp","MES",0.00172945460460914
"wtp","AFR",0.0154673403735299
"wtp","IDZ",-6.64017540952244E-7
"atp","CHN",1.14165150189353E-5
"atp","JPN",0.0451854363247921
"atp","KOR",0.00376209775476988
"atp","TWN",0.00886481318663757
"atp","IND",0.00362981262064843
"atp","CAN",0.0191031161341975
"atp","USA",0.0145517763938636
"atp","MEX",0.0147362144550803
"atp","BRA",0.00460325794384187
"atp","LAM",0.0582492754883751
"atp","EUR",0.0149127038774209
"atp","ROE",0.00812592181361567
"atp","ASI",0.00176140009892038
"atp","REA",0.0102961753711676
"atp","ANZ",0.00663103371648988
"atp","MES",0.00446470852424001
"atp","AFR",0.0107505852695124
"cmn","CHN",5.49409452945665E-6
"cmn","JPN",0.00456075383169452
"cmn","KOR",0.00335853140736719
"cmn","TWN",0.0107261726195309
"cmn","IND",-0.0204834406480106
"cmn","CAN",0.0184415010844394
"cmn","USA",0.024841210959763
"cmn","MEX",0.00341794692993336
"cmn","BRA",0.0150399490779678
"cmn","RUS",2.5430553268535E-5
"cmn","LAM",0.0450561913624356
"cmn","EUR",0.0165505801575916
"cmn","ROE",0.0132071337387864
"cmn","ASI",0.00279503025815531
"cmn","REA",0.0146796737420047
"cmn","ANZ",0.00539959759968079
"cmn","MES",0.00400401924764823
"cmn","AFR",0.0119755034566563
"ofi","CHN",-1.19152178301018E-6
"ofi","JPN",0.0116261643862382
"ofi","KOR",0.00231749822652505
"ofi","TWN",0.0954550720223421
"ofi","IND",0.00288602794900339
"ofi","CAN",0.0192151957887184
"ofi","USA",0.0307180559828523
"ofi","MEX",0.0152999319788937
"ofi","BRA",0.0121403572780575
"ofi","RUS",9.20182628982857E-5
"ofi","LAM",0.0211739233473607
"ofi","EUR",0.0178228441728188
"ofi","ROE",0.010625093938415
"ofi","ASI",0.000835812600586305
"ofi","REA",0.00727911200432953
"ofi","ANZ",0.0192722099725633
"ofi","MES",0.00115127772785066
"ofi","AFR",0.0139789791227089
